{
  "monthly_income": 6000.0,
  "savings_goal": 2000.0,
  "categories": {
    "Housing": {
      "name": "Housing",
      "monthly_limit": 2100.0
    },
    "Groceries": {
      "name": "Groceries",
      "monthly_limit": 700.0
    },
    "Transportation": {
      "name": "Transportation",
      "monthly_limit": 1200.0
    },
    "Entertainment": {
      "name": "Entertainment",
      "monthly_limit": 500.0
    }
  },
  "transactions": [
    {
      "amount": 4300.0,
      "category": "Income",
      "description": "Paycheck",
      "date": "2025-10-03",
      "is_income": true
    },
    {
      "amount": 1700.0,
      "category": "Income",
      "description": "Allowance",
      "date": "2025-10-01",
      "is_income": true
    },
    {
      "amount": 2100.0,
      "category": "Housing",
      "description": "Rent",
      "date": "2025-10-01",
      "is_income": false
    },
    {
      "amount": 600.0,
      "category": "Groceries",
      "description": "Food",
      "date": "2025-10-05",
      "is_income": false
    },
    {
      "amount": 100.0,
      "category": "Groceries",
      "description": "Baby Needs",
      "date": "2025-10-06",
      "is_income": false
    },
    {
      "amount": 600.0,
      "category": "Transportation",
      "description": "Car Note",
      "date": "2025-10-18",
      "is_income": false
    },
    {
      "amount": 400.0,
      "category": "Transportation",
      "description": "Auto Insurance",
      "date": "2025-10-20",
      "is_income": false
    },
    {
      "amount": 200.0,
      "category": "Transportation",
      "description": "Gas",
      "date": "2025-10-26",
      "is_income": false
    },
    {
      "amount": 300.0,
      "category": "Entertainment",
      "description": "FanDuel",
      "date": "2025-10-25",
      "is_income": false
    },
    {
      "amount": 200.0,
      "category": "Entertainment",
      "description": "Kids Gymnastics",
      "date": "2025-10-08",
      "is_income": false
    }
  ]
}